					
				마티암	처음 왔을 때부터 눈에 띄던 것이 있었지. (모든 난장판을 지나 주점치고 지나치게 화려한 문고리에 다가간다)
				미겔	듀라한을 사로잡은~ 단 하나의 것~ 그것은 바로~ 문문문~ 문... 고리~?! (노래를 흥얼거리다가 멈추고) 마티암씨! 또또 빛 잃은 물건을 살리시려는 겁니까~?
				마티암	이럴 때일수록 특기를 살려야 하는 것 아니겠나? 일도 하고, 나도 힐링하고. 일석이조지. (품 속에서 부드러운 옷감을 꺼낸다) 음유시인님의 특기는 역시 노래려나. 아니면 음율 맞추기?
				미겔	하기야, 난처한 상황일수록 웃으며 재능을 보이는 자가 승리하는 법! 저의 특기는 말이죠~ 바로 바로 바로~ (짓궂은 미소가 입에 걸린다.) 마티암씨가 눈 여겨 본 문고리 괴롭히기~ (웃옷으로 뽀득, 뽀득 문고리를 닦아본다. 실력이 영...)   어랍쇼... (나름 돕고자 한 건데, 더욱 더러워졌다.) ...후후, 역시 제 특기라고 하면 노래이지 말입니다~
				마티암	모순적이지만, 더러울수록 정복하는 재미가 있으니.. 느긋하게 시간을 보낼 수 있겠어. (어깨 으쓱. 온종일 이것만 닦을 생각인 듯)  미겔의 노래는 오래 기억할 수 있어 좋지.
				미겔	아아, 마치 진흙 속에서 피어난 검이 아름다운 것처럼요? 그럼 더욱 더럽혀드리는 게 좋을깝쇼, 마티암씨~?! 당신을 위한 진흙은 여기저기 있으니 말입니다!   네~? (당신의 한마디에 광대가 슬쩍, 슬쩍 올라간다.) 제 노래가요? 어째서죠~?
				마티암	금속의 녹은 세월의 상징이지. 하지만 의도를 가진 흔적은 퍽 다른 느낌이야. 결이 있다고 해야 하나.. 아무리 거창하게 꾸며도 쉽게 닦이더군.  (음. 잠시 고민하다) 미겔의 노래는 실재하잖아. 가사의 바탕이 된 사건도, 불렀던 날도 다 알고 있으니까?
				미겔	아~하! 시간으로 축적된 깊이는 감히 흉내낼 수 없다는거군요~ 저도 참 좋아한답니다? 옛날 옛적부터 내려져오는 이야기들에도 그런 결이 있거든요!  와우, 마음에 쏙 드는 대답! 마티암씨가 음유시인이고 제가 관객이었다면 가지고 있는 금화를 몽~땅 드렸을 정도네요!  맞습니다, 맞아요! 제 노래는 실재하죠. 이야기꾼이 감히 허상을 노래하면 벼락 맞거든요~ 그래서일까, 요즘엔 고민이랍니다? 과거랑 현재, 미래 중 무엇을 노래할지요!
				마티암	(고개를 끄덕이는 것처럼 보였다.) 옛날이야기만 해도 봐. 완벽히 똑같이 전해 내려오지 않잖아. 옮긴 자의 말투나 손짓이 추가되기도 하고, 새로운 디테일이 만들어지기도 하지. 거슬러 올라가다 보면 별 볼일 없는 이야기였겠지만, 노래했던 모두가 자신의 흔적을 남겨 작품이 된 거야.  하하! 돈이 궁할 때는 저잣거리에 나가 시를 읊어야겠군. 음을 붙이는 재능은 없지만 말이야.  (잠시 고민하다) 허상을 노래하면 벼락 맞는데, 미래를 노래할 수 있는건가?
				미겔	그것 자체만으로 정말 아름다운 이야기네요! (찌이잉...) 네에, 마티암씨, 그 말대로입니다! 이 세상에 존재하는 모든 이야기는 결코 혼자서 만들어낼 수 없죠. 저, 미겔 역시 세상에서 제일 가는 음유시인으로서 길이길이 기억될 이야기를 남기고 싶지만 저 홀로 꽉꽉 노래해봤자 되겠어요? 그러니까 마티암씨도 협조해주셔야 한다구요~   마티암씨는 노래하는 건 영~ 꽝이신가요? 이렇게 빛을 되찾아주는 일은 근사하게도 해내시는데 말이죠! (문고리 톡톡.)  그럼요! 미래를 노래한 다음, 그 미래가 현실이 되게끔 만들면 될 노릇이니까요~ 하지만 그래서인지, 미래를 노래하는 건 무척 어렵답니다. 반면 과거나 현재를 노래하는 건 무척 쉽죠! 예를 들어~  (류트 위에 손이 얹어지는 것은 순식간이다. 선율이 흐른다.) 듀라한을 보았는가~ 다들 있을 것이 없는 것을 본다네~ 비어버린 목의 자리만 본다네~ 하지만 중요한 것은 그의 손, 그의 손~ 
				마티암	이런 것도 협조라고 부를 수 있을지는 모르겠지만, 난 인용을 좋아하거든. 인상 깊은 구절은 기억해두는 편이야. (가죽에 메모한 것을 보여준다. 당신의 노래도 보인다. 대장정을 위한 대장장이, 잭잭잭잭, 미겔도란에테르노스오란콜듀드-)  예전부터 무언가를 만드는 일엔 끔찍이도 재능이 없었지. 음은 잘라서 이어 붙일 수도 없는 노릇이니-  (당신의 노래가 끝나자 휘파람을 불며 박수를 쳤다. 아슬아슬했지만 머리는 떨어지지 않았다) 세계 최고의 바드 또한 어려운 일이 있다니 믿어지지 않는걸.   ..미래라. 생각해보면 미래의 노래를 들어본 적 있는 것 같기도 해. 어떤 고난이 와도 승리할 것이리라 함성 높여 부르는 노래라던가. 도둑질하면 발이 댕강 잘릴 거라는 동요라던가.. (작게 웃었다) 좀 다른 부류인가?
				미겔	마티암씨도 훌륭한 기록자신가보군요! (당신이 가죽에 메모한 것을 읽는다. 자신이 부른 구절도 여럿 보이자 뿌듯한지 입꼬리가 꿈틀거린다.) 아-앗! 오란이 아니고 오잔이고, 콜듀드가 아니고 콜드듀입니다! 요 실수는 수정해주시지 않는겁니까~?! (삭삭삭, 문질러서 없애려고 한다.)   음도 잘라서 이어붙일 수 있지요! 이런 식으로. (허밍으로 높낮이가 다른 음을 자연스럽게 연결해보인다.) 재봉사라는 직업이 매력적인 이유는, 단순히 옷을 수선하고 재단해서가 아니라 사람 자체를 바꿔 보이게 한다는 점이죠! 내가 생각하는 이상적인 모습을 잘라 붙인단 말입니다.   (행여 당신 머리가 떨어질까 조마한 마음이었지만 떨어지지 않는 것을 보고 능청스레 손키스나 날린다. 음~뫄!) 감사해요, 감사합니다!  네에, 군가는 사기를 높여 승리로 이끌고, 마더구스는 공포심으로 아이가 그러지 못하도록 막으니까요~  저 역시 미래를 노래하는 일에 관심이 많지만, 함부로 우리 베리 파수꾼의 미래를 노래했다가 파멸을 맞이할 순 없지 않겠습니까~... 그으래서, 일단 직접 겪기 전까지는 새로운 영감이나 찾아보려고요!
				마티암	또 다른 기록자를 마주친 적 있는가.. 뭐, 그리 거창한 칭호를 가질 정도는 아니지만. (문질러 없애려 하는 당신을 신기하다는 듯 바라보았다.) 난 들리는 대로 적었을 뿐이야.  이렇게? (당신과 유사하지만, 음이 조금 다른 허밍. 반복하며 가사를 붙인다.) 듀라한을 보았는가- 다들 있을 것이 없는 것을 본다네 ..하하, 음악도 인용이 되려나. 생각나는 음을 그대로 읊다 보면 이미 있던 노래가 되더군. (그러다 당신의 말을 듣고는) 그래. 옷은 개인이 가진 매력을 증폭시키거나 새로운 매력을 만들어 줄 수 있지. 미겔의 버클처럼 말이야.  글쎄.. 군가나 마더구스가 미래에 대한 노래라면 못 부를 이유도 없지 않나? 미래에 대한 예지라기보단.. 승리할 수 있다고, 혹은 위험하다고. 자신의 의지를 전하는 노래라고 느껴져서 말이야. 공교롭게도 음유시인은 모두에게 힘을 불어넣어 주는 직업이잖아.
				미겔	다른 형태의 기록자라면야 종종 마주치지요. 당장 슈트르프씨만 해도 수를 기록하시는, 아주 감사한 기록자 아니겠습니까! (그런 당신과 눈을 마주친다. 손은 여전히 오란을 지우니 한 '오라' 정도가 된 것 같다.) 그러고 보면 인상 깊은 구절을 왜 적으시는 겁니까? 그냥 나중에 읽고... 혼자서 웃기 위해~?   (당신의 허밍에 박수 친다. 좋은 목소리인데요, 마티암씨! 칭찬이 이어진다.) 음악도 인용이 되지요, 암요. 저도 그러는걸요. 제 버클을 매력적으로 봐주셨군요~! (감동한 얼굴이다. 보통 흉하다는 평을 들었던 모양.) 후후, 그런 의미에서 말인데~ 제가 염소에게 져서 한쪽 팔이 뜯기지 않았습니까. (오해 살 법한 말을 한다.) 이 팔도 수선이 될까요~? 아직 좋은 천감은 구하지 못했습니다만...  의지를 전하는 건 아름답지요~ 아직까지는 군가를 부를 만큼 큰 전투가 없었어서 그런가 봅니다. 여기서 질문! 제 노래가 마티암씨에게도 힘이 되나요~?
				마티암	아아.. 슈트르프. 요즘 따라 힘들어 보이던데. 아니, 항상 그랬던가? ('오라'의 밑에 있는 자국을 말끔하게 지우곤 손가락을 문질렀다) 그야 '인용'을 하기 위해서지. 절묘한 상황에 쓰면 만족스럽거든.  눈에 아주 확 들어오지 않나? 머리 위치 때문인지 미겔의 얼굴보다 버클에 먼저 시선이 가. (미겔의 팔 빤히 바라보다가) 그만한 크기의 천은 없지만 조각조각 이어붙이면 못 봐줄 정도는 아닐 거야. 가장 좋은 건 마을에서 옷감을 구하는 것이겠지만.  군가까진 아니더라도 모험이 성공할 것이란 노래는 부를 수 있지 않을까- ...하하! 도움이 되고말고. 난 이 모험들이 오래 기억되었으면 하니까 말이야.
				미겔	항상 그러신 것 같습니다, 어째~ 마티암씨는 인용하는 걸 좋아하시나봅니다? 직접 만들어보시는 것도 제법 재밌을텐데 말이죠!  확실히 마티암씨라면... (당신 얼굴을 보기 위해선 시선이 낮아지는 걸 알고 있기 때문에 수긍한다.) 그렇지만! 그래도~ 제 얼굴을 봐주시면 좋겠습니다요~ (허리 숙여 시선을 맞추더니) 이어 붙이는 것보단 역시 질 좋은 천을 구하는 게 더 깔끔해보일지도 모르겠습니다! (지금은 천이라고는... 복면으로 썼던 검은 천밖에 없으니.)  후후, 이 모험들 속엔 마티암씨도 기록될 테니까요! 아 참, 저희가 싸운 마물 중 듀라한이 있어서 마티암씨 생각이 났답니다~? 우리 듀라한은 마티암씨니깐요~
				마티암	가끔 유명한 책에서 따온 말인 것처럼 지어낸 적은 있어. 아무도 눈치채지 못하더군. 본질이 헛소리더라도 ＂이렇게 말하니＂ 그럴듯해지지 않아? 그게 재밌었던 것 같아.  처음엔 목 위로 들고 다녔지만 팔도 아프고, 귀찮아져서 말이지. 얼굴이라 해도.. (이리로 보나 저리로 보나 선글라스밖에 보이지 않았다) 눈을 마주칠 수가 없네.  그 듀라한을 목격하지 못해 아쉬울 따름이네. (모두가 싸울동안 열심히 문고리를 닦고 있었다) 직접 보니 어땠나? 이 듀라한과 비교해서 말이지.
				미겔	하하하! 우리 마티암씨께서는 벌써 대중의 특성을 알아채셨나봅니다. 네에, 사실상 상대를 속이는 건 제법 쉬운 일이지요. 그럴듯한 말을 하면 다들 홀라당~ 그런 책이 있었구나, 그런 말이 있었구나! 하고 넘어간다니까요? (인용구처럼 말하는 당신에 큭큭 웃는다.) 확실히 재밌긴 하네요~ "마티암은 웃었다." 라고 말하면 정말 마티암씨가 웃을 것 같은 느낌이구요!  후후, 차마 암씨를 괴롭게 하실 순 없죠. 얼굴이라고 해도~? (고개를 이쪽 저쪽 기울이더니) 그렇지만 코와 입이 있잖습니까~? 눈을 마주치는 게 중요한 겁니까?  그 듀라한도 갑옷으로 무장해서 그런지 상당히 멋있었습니다만~ 역시 전 우리 듀라한이 좋더라구요!
				마티암	속이는 것 자체를 즐기지는 않지만, 그럴듯한 허풍을 지어내는 것은 좋아하네. 모두가 거짓이란 사실을 알아챌 수 있기에 완성되는 농담 말일세. (바드의 말을 거짓으로 만들 수는 없지라고 하며 픽 웃었다.) "그 옆의 바드는 휘파람을 불었지."  얼굴을 바라본다는 건 눈을 마주친다는 뜻 아니었나? 머리의 위치가 바뀐 후로는 무엇이 예절인지 헷갈리기 시작했지만 말이야. 경청의 자세, 뭐 그런 거지. 그럼 코를 바라보도록 하겠네. (검은색 구멍이 두 개니 비슷할지도)   하하! 이거 쑥스러운데. 혹시 움직일 때마다 철컥거리는 갑옷이나 윤기나는 말을 원한다면 말하게. 단원들과 적당히 섞여서 지내면 되니까 말이야.  "파수꾼단의 듀라한" 소문을 들어보니 나 혼자만의 이야기가 아니었더군.
				미겔	마티암씨의 목적은 완전한 속임수보다는 진실의 단서가 담긴 허풍이네요! (픽 웃는 것을 보고 즐거워하다가) 아니, 아니, "마티암은 환하게 웃었다." 입니다~? (그러고는 저도 당신 말을 거짓으로 만들 수 없다며 휘파람을 휙 분다.)   보통은 눈을 바라보지요. 어떤 이는 말하는 상대의 입술을 본다고도 하더군요! 아잇 참~ 이 두 안경알이 눈이라고 생각하시면서 바라보면 되지 않겠습니까요~? 후후, 어쨌든 저는 마티암씨의 눈을 볼 수 있어 다행입니다. 이건 전부터 여쭙고 싶었던 건데, 혹시 마티암씨는 마티씨를 드는 걸 별로 안 좋아하실까요? 제가 들고 대화하면 조금 편하실까~ 싶어서요!  하하, 티테레스씨와 드러스탄씨의 도움만 있다면 완벽한 듀라한이겠군요. 하지만 저는 뭐랄까, '목없는 재봉사'라 일컫는다면, '목없는'이 물론 극적이지만 '재봉사' 마티암씨 쪽이 더 흥미가 가서 말입니다~?
				마티암	그렇다고도 할 수 있지. 하하! 이 정도로 봐주시게. 그리 보기 좋은 웃음은 아니거든. (말마따나 눈은 부릅뜬 상태에 입만 웃는 표정이었다)  안경알이 너무 반짝여 내 얼굴만 비쳐서 말일세. 아무리 자기애가 강하다고 해도 계속 바라보니 부담스럽군. (당신의 물음에 팔에 있던 머리를 굴려 손에 안착시킨 후 바라보았다.) 드는 건 상관없다만 생각보다 무거워서 말이지. 팔을 쉬고 싶을 때는 의자나 바닥에 두곤 하네.   거기다 검술 실력만 는다면 더 완벽하겠지. 재봉사 쪽 말인가? 당사자로서 말하자면 그다지 흥미로운 내용은 아닌데. 물론 '목 없는'보다는 진실되었고 실력은 말할 것도 없지만! 팔 말고도 이 '재봉사'가 필요한 일이 있나?
				미겔	보지 않고서야 정확히 판단하긴 어렵습니다만~ 마티암씨가 웃는 모습에 자신이 없으시다면 어쩔 수 없지요! (입만 웃는 표정을 보고 후후, 웃는다.)  제 눈을 보는 것보다 마티암씨 얼굴을 바라보시는 게 더욱 즐거울 겁니다! 자기애를 가진 분이시라면 그 편이 훨씬 좋지 않겠습니까~? (상관 없다는 얘기에 음, 그럼 혹시 한번만~? 하고 당신 머리를 들어봐도 되냐는 듯 허락을 구한다.) 의자나 바닥이면 확실히 다른 이들보다 시선이 낮겠군요. 보이는 것도, 눈에 들어오는 것도 퍽 다르겠습니다!  그러고 보면 얼마 전에 검술 연습을 하고 계신 것 같던데~ 마티암씨만 괜찮으시다면 언제 한번 같이 검을 부딪혀보는 걸로 하죠! 저도 검에는 꽤 큰 애정이 있으니 말입니다. 사람마다 보는 관점이 다르지요~ 저는 진실된 쪽을 더 좋아해서 그런 걸지도 모르겠습니다! (당신의 머리를 가리키며) 재봉사에겐 손이 아닌 머리도 제법 중요하지 않습니까~?
				마티암	사실 이게 최대라네. (섬뜩한 웃음이다. 목이 없어 더더욱..) 이래 봬도 진심으로 웃는 표정이야. 미겔처럼 선글라스를 끼면 더 화사해 보이려나.  그래..? 내 생각은 다른데. 사실 아까 '마티암씨의 눈을 볼 수 있어 다행'..이라는 소리를 들으니 어쩐지 손해 보는 기분이 들기 시작했어. (픽 웃고는 당신에게 머리를 넘겨준다. 마치 빵 한 덩이를 주는듯한.. 전혀 조심스럽지 않은 동작이었다) 어렸을 적으로 돌아간 기분이야. 왜 그런 거 있잖아? 앉기 벅찼던 의자라던가. 짧은 다리로는 볼 수 없던 창문 너머의 풍경 같은 거. 그렇게 새롭진 않다는 뜻이지.  (당신의 말에 허리에 차고 있던 검을 쓰다듬었다) 단장이나 다른 단원들처럼 실력이 좋진 않은데. 그래도 괜찮다면 좋네. 오히려 환영이지. 그동안은 마물을 해치우기만 했으니 말일세. 도브 돌라에서 주례와 싸울 때 검을 어떻게 휘둘러야 할지 모르겠더군. (기어가며 발목을 노리기만 했던 기억)  미래에 대해 고민하는 바드답군. (씨익 웃었다) 그야 중요하지. 자수를 잘 놓고 있는지 확인도 해야 하고, 실이 안 들어갈 때 침도 묻히고, 누름돌로도 써야 하니.
				미겔	오우. (섬뜩한 웃음을 가만히 보다가 입꼬리를 조심스레 슥슥 올려본다. 역시 최대군!) 그럴지도 모릅니다~? 어디 볼까요? (제 색안경을 벗어 당신 콧잔등에 얹어준다. 응? 그럼 미겔은? 이럴 수가! 색안경 아래 색안경이 하나 더 있었다.)  그렇다면 손해를 보는 삶도 조금 겪어봐야 좋으시지 않겠습니까~? 정 불공평하다고 느끼시면 마티암씨도 눈을 가리시면 되지요! 물론 이미 마티암씨의 까맣고 아름다운 눈동자를 다 봤지만요, 후후후... (당신의 머리를 조심스레 받아낸다. 생각보다 무게감이 느껴진다. 그럼에도 가볍게 들어올려 눈을 맞춘다.) 와! 마티암씨와 엄청 가까워졌군요~! 어릴 적의 시선이라면야 이해가 쉽습니다. 자자, 어른의 시선도 간만에 느껴보시지요~ (당신 머리를 들고 곳곳을 돌아다닌다.)  당연히 괜찮습니다! 사람마다 검날이 부딪히는 소리와 분위기가 다르니까요~ 그곳은 워낙 장소도 협소했으니 말입니다~  으잉? 머리를 누름돌처럼 쓰시는 겁니까~?! (마티씨~ 불쌍해~ 그렇게 말하며 제 손에 있는 당신 머리를 복복 쓰다듬더니) 후후... 그것도 그렇고 어찌 되었건 머리를 써야 옷도 정확히 재단하고, 또 어떻게 수선할지 생각할 수 있으니까요! 이 안에 든 것도 엄청난 가치이지 말입니다.
				마티암	(당신이 자신의 입꼬리를 올리려 하는 것이 웃긴지 미약하게나마 올라간다.) 색안경을 도대체 몇 개나 얹고 다니는 거야?   예전엔 모자를 쓰고 다녔다는 이야기 했던가? 목이 떨어진 후론 매일같이 잃어버리고, 더러워지고, 떨어트리고.. 그래서 그만두었다네. 날 것의 마티암을 즐기시게나. (더욱 가까워진 시선이 느껴졌다.) 위쪽 공기가 좋군. 바람이 선선하고.. 무언가 맛있는 냄새도 나고. (그건 그냥 콜린이 요리하는 것이다)  제 목으로 걸어 다니지 않고 안겨있기만 하는 쪽인데, 그렇게라도 도움이 되어야 하지 않겠어. ..순수가 가득 담겨있기도 하고 말이야. (문득 생각난 듯 당신의 말에 가볍게 덧붙인다.)
				미겔	오오오? 조금 올라간 것도 같습니다~?! (큭큭 웃다가 어깨를 으쓱이며) 글쎄요, 제가 가리고 싶은 만큼 얹고 있지 않겠습니까?   오! 처음 듣는 얘기군요! (모자를 쓰고 다니는 당신을 짧게 상상한다. 상당한 멋쟁이였을 것 같다!) 후후, 근사하셨겠군요. 지금은 잘 안 쓰고 다니신다는 게 아쉬울 정도입니다~ (당신을 향해 하늘도 보여주고, 땅도 보여주고, 아무튼 이것저것 다 보여준다.) 원래 맑은 공기가 위로 올라간다고 합니다. 후후, 즐기시죠!   안겨있기만 해도... 세상을 보는 눈과 얘기를 전하는 입은 이 머리에 있으니 말입니다! 하하, 그러기도 하네요. 자아, 마티암씨의 머릿속엔 얼마나 많은 순수가 들어있을까요~? (장난스레 당신 머리칼 사이를 복복 손날로 문지른다.)
				마티암	날 웃게 하지 말게. (꾹꾹. 다시 내린다.) 세계 최고의 바드는 눈을 가리고 싶었다라..  언젠가.. 이 몸이 원래대로 돌아간다면 보여주지. 미리 모자를 만들어두는 것도 좋겠어. (나지막이 중얼거렸다. 모든 일이 좋게 풀릴 것 마냥) 그럼 그동안 나쁜 공기를 마시고 있었다는 건가..? 또 손해를 봤군.  그 마녀.. 헨젤의 순수함 기준은 좀 특이했던 것 같네. 일반적으로 이야기하는 '순수'라면 모르겠으나, 수상한 사람이 내준 수상한 사과를 먹어볼 호기심이라면 지지 않을 자신이 있지. 내 뇌가 사람을 젊게 만들어주는 약으로 쓰일 수 있다니. 어쩐지 기분이 묘한걸.
				미겔	잉~ 어째서입니까~ (다시 꾹꾹 내려가는 입꼬리에 시무룩해진다.) 후후, 그렇게 말씀하시니 무슨 책 제목이라도 되는 것 같군요!  와우! 다시 목 댕강 재봉사가 아닌 목 챱챱 재봉사가 되는 겁니까~? 어떤 색의 모자를 만들고 싶으십니까? 좋아하는 취향이시라도? (이것저것 물어보다가 손해라는 말을 듣고) 지금부터라도 자주 맡으시면 되는 거 아니겠습니까~! 원하실 때마다 높이 들어드리겠습니다!  누구에게나 숨겨진 순수함이 있는 걸까요~ 아직도 저희가 잡혀간 기준을 모르겠지만요! 역시 마티암씨 말대로 호기심일지도요. (후후.) 보아하니 젊어지는 것이 단순 육체만이 아닌 정신도...였죠~? 마티암씨는 그 영약이 탐나십니까?
				마티암	이 제목으로 책이라도 하나 써볼까. (농조) 결론은 무엇으로 하면 좋으려나. 그 바드의 눈은 사실 매우 아름다웠기에, 다른 이들이 매혹되지 않도록 가린 것이었다...  평생 이 모습은 아니겠지 뭐. ..머리와 어울리는 차가운 색이 어떨까? 챙은 좁지만 고풍스럽게 접힌 느낌으로. 화려한 장식보단 비슷한 색의 가죽을 두르는 것이 낫겠군. (숨을 크게 들이쉬다 내뱉었다) 그럼 미겔의 팔이 너무 아프지 않겠어? 나도 손은 있으니 걱정하지 말게.  그 사과를 먹을 정도의 인물이라면 의심이 없는 것이니.. 순수하리라 추측한 것 아닐까. 하지만 이 세상엔 위험보다 호기심이 먼저인 사람이 있으니 완전히 맞진 않지. 젊어지는 건.. 별로. 오래 살아봤자 할 것도 없어.
				미겔	소설가가 된 재봉사의 이야기도 재밌겠군요! (저 역시 농조로 받아내며 이야기의 내용을 듣고 시원하게 웃는다.) 이야~ 이거, 제 눈이 아름답지 않으면 이뤄지지 않을 얘기입니다? 오늘부터 거울을 보면서 아름다워져라~ 아름다워져라~ 주문을 외워야겠군요.  짙은 남색이나 파란 색이 살짝 섞인 잿빛의 모자여도 예쁘겠습니다! 아니면 아예 검정으루~? 챙은 좁지만 접힌 느낌은 어떤 모자려나요. (모자를 잘 쓰고 다니지 않아 잘 모르겠다는 얼굴이다.) 마티암씨는 가죽 재질을 좋아하시는 것 같습니다! 저도 좋아하지만요~ 그럼 마티씨는 암씨에게 부탁하는 걸로!   의심 없이 호의를 받아들인다는 점에서 순수해보긴 하네요~ 물론 호의는 아니었지만. 오래 살면 세상에 일어나는 많은 일들을 더욱 즐길 수 있는 것 아니겠습니까~? 뭐어, 저도 이렇게 말해도 성정은 마티암씨랑 제법 비슷한지라 젊어지거나 억지로 수명을 늘리고픈 마음은 없습니다요!
				마티암	영원히 미스터리로 남기는 방법도 있지. 그대의 겹겹이 쌓인 색안경처럼 말이야. (언젠가 받았던 안경을 주머니에서 꺼낸다.) 이야기를 쓰는 재봉사의 이야기라.. 그 이야기를 하는 바드의 이야기를 다시 쓴다면. (계속되는 액자식 구성. 독사과를 먹었더니 정말 백설공주가 되었나?)  잿빛도 좋지. 검정색은... 파수꾼단의 누군가가 생각나서 말일세. 어쩐지 상복이라는 느낌이 강해졌어. (당신의 물음에 어떻게 설명해야 할지 망설이다 흙에 그림을 그린다. 한 뼘 정도의 챙 양옆이 위로 접혀있는 모양새다) 만들어 본 적은 없지만 어떻게 하는지는 알지. 미겔은 쓰고 싶은 모자라던가 없어?   누군가의 희생이 따르기 때문.. 이라는 정의로운 마음은 없지만. 그렇게 노력하면서 오래 살고 싶진 않달까. 젊어지기 위해 많은 시간을 허비하며 연구하고, 지하 감옥에 사람까지 가뒀지만 결국 인형이 되었다라.. 본받고 싶은 희망적인 내용은 아니지.
				미겔	그런가요? 이 책의 저자이신 마티암씨의 생각은 어떠십니까~? 바드의 눈은 영원히 풀리지 않을 비밀로 남기는 게 좋을까요? 겹겹이 쌓인 색안경 속에... (주머니에서 꺼내진 안경을 보고 오! 아직도 가지고 계셨군요~ 하고 반응한다.) 이야기를 쓰는 재봉사의 이야기를 이야기하는 이야기꾼의 이야기를 쓰는 재봉사....(꼬리가 꼬리를 끊임없이 문다.) 이야, 그 어떤 이야기도 이보다 복잡하긴 힘들겠습니다!  (당신이 말하자마자 누군가를 떠올린다.) 음! 검은색도 상당히 매력적이라고 생각하는데 아쉽네요~! (곧이어 흙에 그려지는 그림을 보고 나서야 조금 이해가 간다는듯 고개를 끄덕인다.) 제 팔과 함께 만들어도 좋겠습니다! 천감을 또 구해야할까봐요~ 저 말입니까? 글쎄요, 어울리는 모자가 있을지~...(잘 모르겠다는 얼굴!)  노력까지 하면서 삶을 얻어내고 싶진 않은거군요! 마티암씨야 죽음도 크게 두려워하시지 않으니... 그럼 저희는 미련없이 죽는걸루!
				마티암	저자로서는 그래, 열린 결말로 두는 것이 취향이라네. 한 번이라도 벗는다면 그 이후론 아무리 안경을 쌓는다 한들 돌이킬 수 없으니까. 하지만 5년 지기 동료 마티암으로서라면.. 솔직히 조금 궁금하긴 해. (농조로 덧붙인다. 저마다의 사정은 있는 법이니 억지로 볼 생각은 없었다) ......의 이야기를 하는 이야기꾼.. 그리고 옆의 재봉사. 오래된 마도서의 스펠도 이보다 어렵진 않겠어.  뭐, 모자를 하나만 쓰라는 법은 없긴 하지. (마티암과 50가지의 모자) 확실히 뻣뻣한 천은 없네만.. 더 늘어나면 이 품으론 벅찰 것 같네. (이미 두둑한 가슴팍이었다) 어울리는 모자야 많지. 이럴 땐 가게에 가 직접 써 보는 것이 도움되는데.  음. (고개 끄덕인다. 마지막까지 건강하고 즐겁게 살길.) 짧은 인생이기에 비로소 느껴지는 삶의 아름다움이 있다고 들었어. 정말인지 확인이나 해보려고.
				미겔	저도 이야기꾼으로서 열린 결말을 좋아한답니다~? 듀라한의 끝은 여전히 미지 속에 있었으나 그것만이 그의 이야기는 아니었다~ 라던지요. 그리고 마티암씨 말씀이 맞습니다! 한번이라도 벗는다면 돌이킬 수 없겠죠. 사실 우리 5년지기 동료인, (당신을 보고 입꼬리를 올려보이며) 마티암씨 말고도 많~은 동료분들이 제 맨얼굴을 무척 궁금해하시더군요. 그러니 더욱 숨기고 싶어지지 뭡니까? 조금 두려운 것도 있겠습니다! 이미 이 얼굴로 친숙한 분들께 괜히 실망감을 안겨드리는 건 아닌지~ 하구요. 하하, 오래된 마도서의 주문보다 어려워보여도 '이야기꾼 옆의 재봉사'라는 말은 확실히 더 구미가 당기지 않습니까?   (이런 저런 모자를 전부 써보는 당신을 상상한다. 암씨가 씌워주는 거려나? 후후... 절로 웃음이 난다.) 아핫, 제가 도와드릴 수 있는데 말이죠~! 다음 마을에 모자 가게 있으면 같이 가볼깝쇼?  (곱슬거리는 제 머리를 손가락으로 꼬아본다. 흠, 이게 워낙 풍성해서 모자가 안어울릴 것도 같은데!)   그래도 너무 짧은 건 안됩니다, 아시죠~? 단명하면 삶의 아름다움을 알기도 전에 죽는 거니까요!
				마티암	다들 호기심이 지나치게 많으니까 말이야. 그래서 이 길을 택한 것이겠지. '모험단'에 '몸 담'으면서 비밀이 많은 자의 숙명이라고 생각하게. (으쓱) 비밀은 비밀로 할수록 점점 무거워져 버리지. 괜한 기대를 증폭시키니까. 그러니 공개를 한다면 빠를수록 좋지 않겠나. 평생 간직하는 방법도 있고. 그럼 그대가 무슨 허풍을 치든 아무도 모를걸세. 어차피 이 삶에서 잠시 마주치는 인연들 아니겠나. 흐음- 어느 부분에서 구미가 당기는 것이지? 이미 그러고 있지 않나. 이야기꾼 옆의 재봉사, 재봉사 옆의 이야기꾼.  다음 마을이 모자 가게가 있을 정도로 멀쩡하다면 말이지. 도착하는 마을 상태가 점점 신기해지는 것 같던데. 재미는 있다만.. (돌돌 말린 옷감을 당신의 품에 쏙 넣어본다.) 마을을 떠나고 나서야 제대로 쉬는 느낌이야.  노력해봐야지. 그래도 나름 오래 살았다고 생각했는데. ...몇살처럼 보이나?
				미겔	푸훕!!! 모험단, 몸담!!!! (당신이 던진 말장난을 격하게 좋아한다. 아무래도 취향을 저격한 모양...) 제가 보통 타인에게 하는 말을 똑같이 해주시는군요. 하지만 또 비밀로 유지해서 여러분의 궁금증을 키워나가고 싶기도 하구요~? (청개구리 심보!) 아아, 저자인 마티암씨, 동료인 마티암씨, 누구 말을 들어야 할지... (제 손바닥에 뺨을 얹는다.)  이야기꾼과 재봉사는 보통 같이 있을 것 같지 않은 직업이니까요! 그런 두사람을 보면 둘이 어쩌다가 같이 있는 거지~? 하고 생각하게 됩니다요~  멀쩡해야 할 텐데~ (흠흠, 헛기침을 하며 무언가 말하고 싶은듯 근질거리는 입을 꾹 다물고) 그러게 말입니다! 마을이 갈수록... 우왓. (옷감을 품에 안는다.) 축제 마을, 그래도 즐거웠지요!  흐음, 그때 마티암씨께서 20대의 마티암씨에 대해 설명해주셨으니 그보단 나이가 있으시겠죠! 서른 초반으로 보이십니다만... ...완전 젊은 거 아닙니까~?
				마티암	하하하. (꽤 뿌듯할지도..) 그것도 나쁘지 않지. 모두가 아쉬워하겠지만, 또 애타는 그들을 보는 맛이 있지 않겠나. (빤히 바라본다. 누가 더 좋나?) 선택을 기다리겠네. 이제 재봉사보단 모험가 아니냐는 소리를 들었는데 말이야. 궁금증을 추가하기 위해 직업을 유지해야겠군.  그대가 보기엔 멀쩡할 것 같나? (눈썹 왔다갔다) 그렇게 춤을 춘 건 오랜만이었지. 몸을 움직이는 건 언제나 즐겁다니까. 그대의 50가지 춤도 잘 감상했네.  머리를 쓰다니. 똑똑한 바드 같으니라고. ..그 말이 맞네. 올해로 서른셋이야. 중년이라고 할 수는 없지만 젊다고 하기에도 모호한 나이 아닌가?
				미겔	(이번엔 제 쪽이 손바닥에 적어내려 간다. 모험단, 몸단... 수첩에 인용구를 적던 당신을 흉내내는 듯 하다.) 하하, 괜히 보여드렸다가 실망하시는 것보다 아쉬운 게 나을 겁니다~ 마티암씨도 아시다시피, 관심과 호기심은 한순간이잖습니까? 궁금증도 불처럼 타올랐다가 금방 식을지도요! (빤히 바라보는 시선을 슬쩍 피한다. 작가 마티암이냐, 모험가 마티암이냐! 어느 쪽이 좋아? 하고 묻는 목소리가 하늘에서 들려온 것도 같다. 둘 다 좋으면 어쩌라구요~!) 후후, 역시 고민을... 호오, 확실히 마티암씨의 검술은 상당했으니 말입니다. 모험가와 이야기꾼도 상당히 어울리는 조합이니 좋으신대로 하시지요!  그러지 않을 가능성이 크지만... 저야 뭐어, 괜찮습니다. 때는 또 오지 않겠습니까~? 후후, 마티암씨와의 춤도 즐거웠답니다!  바드는 늘 머리를 쓰죠! 서른 셋이라... 젊, 젊은 것 아닙니까~?! (쿠쿵.) 저랑 별로 차이도 안납니다요!
				마티암	(그런 당신을 즐거운 듯 바라보다 손바닥의 글을 확인하는 듯한 흉내를 낸다.) 관심과 호기심은 한순간이지만 연속되지. 그대의 색안경을 볼 때마다 궁금할 것 같긴 하네. 아예 안 보여줄 듯하다 마지막에 보여주는 건 어떨까? 실망보다 드디어 보았다는 만족감이 크도록. 하지만 그런 의미에선 그대도 모험가 겸직 아닌가. 모험가와 모험가. 검사와 검사랄까.  역시 혼자 추는 것보단 같이 추는 게 즐겁더군. 춤이든, 검술이든. 언젠가 또 기회가 온다면 부탁하지. 다음 마을은 누군가의 고향이라던데. 그리 망가지진 않았으면 좋겠군.  그래, 그대의 뇌 속에는 얼마나 많은 이야깃거리가 들어있겠나. 그리고 음악도. 그대는 몇 살이길래? 20대 초중반으로 보이는데.
				미겔	 (그런 당신을 보고 다시 손바닥에 글씨를 적는다. '마... 티... 암... 씨... 바... 보...') 관심과 호기심 관객의 몫. 제가 아무리 시선을 끌어도 결국 끝이 있을텐데요~ 볼 때마다 궁금할 것 같은 것도 사람마다 다르겠지요! 호오, 그것도 괜찮겠네요~ 극의 반전! 같은 거려나요? ...라기엔 이미 마티암씨는 알고 계시게 되는 거잖습니까~! 후후, 역시 다르듯 닮았다니까요. 모험가와 모험과, 검사와 검사... 재봉사와 이야기꾼. 역시 이쪽이 제일 다르군요!  기회가 온다면 언제든지요! 검이야 앞으로 쓸 일이 많아보이지만... 춤을 출 기회가 올지는 모르겠습니다? 아무래도 축제를 즐길 분위기는 아니어보입니다~...   굉~장히 많은 이야기가 들어있습죠! 거기엔 마티암씨의 이야기도 추가될 예정이구요. (홋홋.) 저는 말이지요~ 딱! 이십대 중반이랍니다? 스물 다섯입니다! 그러니까... 마티암씨랑은 고작 여덟살 차이죠!
				마티암	(........말이 없어진다. 내가.. 바 .. 보? ..............) 이야기를 하다 중간에 멈추고 돈을 받는 건 흔한 일이지. 재밌게 듣던 이야기가 클라이맥스에서 멈추면 얼마를 주든 끝을 듣고 싶지 않겠나. 후후.. 그 중 그대가 무슨 선택을 할지는 모르지. 반전의 반전으로 작가조차 예상하지 못한 길을 갈 수도 있지 않겠어? 세 가지 버전의 이야기도 좋을 것 같군. 하지만 사실 그 이야기가 모두 같은 두 명을 가리키고 있다는 반전.. (반전을 참 좋아한다)  그 물이라도 떠올 걸 그랬나. 마물들과 함께 춤을 출 수도 있었을 텐데. 모든 일이 끝나고.. 또다시 평화롭게 시간을 보내게 되면 부탁하지.  이야기를 까먹어버리진 않는 건가? (대단하다는 눈) 여덟 살이라.. 생각보단 적지만- 고작이라기엔 모호한걸. 뭐 장명종의 시선에선 모두 아기겠지만.
				미겔	(말이 없어진 당신을 보며 몰래 웃는다. 새로운 책을 펼치듯 이번엔 당신 손바닥을 가져다 펼쳐 적는다. '바보! 바드의 보물!') 우리 작가분의 기대에 저버릴 수 없지요. 어디 한 번, 세계 최고의 반전이 되어보도록 하겠습니다! (자신이 모순을 좋아하듯 당신은 반전을 좋아하는구나, 그런 생각을 한다.) 마티암씨는 극적인 걸 좋아하시나봅니다~? 사실 세 이야기 전부 같은 인물이었다라... 세 이야기를 모두 들어준 이에겐 그보다 훌륭한 결말이 없겠습니다!  후후, 마물에게 물을 뿌리면 같이 춤이나 추면서 놀았을텐데~ 좋습니다. 그때도 저랑, 마티씨랑, 암씨, 셋이서 즐겁게 춤을 춰보자구요! 마티암씨는 3이라는 숫자를 제일 좋아한다 하셨으니... 아 참, 마티암씨도 제게 좋아하는 숫자를 물어보셨지 않았습니까요~?  까먹어도 그럴듯하게 다시 만들어내면 되니까요! (으쓱으쓱.) 생각보다 적다니! 절 얼마나 애로 보신 겁니까~? 네에, 저희 모두 어리다구요!